Name,Year,Event,Image,Image caption,Display Year (if different)
Shima Ryū,1855,Marries Shima Kakoku,,,
Shima Ryū,1864,"Creates the wet-plate collodion print, <i>Portrait of Shima Kakoku</i>",,,
Shima Ryū,1870,Opens a short-lived photo studio in Kiryū after Kakoku's death,,,
Yamazawa Eiko,1918,Graduates from the Private Women's School of Fine Arts in Tokyo with a degree in <i>nihonga </i>(Japanese-style painting),,,
Yamazawa Eiko,1926,"Travels to the US, studies at the California School of Fine Arts, and begins to work as Consuelo Kanaga's studio assistant in San Francisco",,,
Yamazawa Eiko,1931,Opens her first photographic portrait studio in Osaka,,,
Yamazawa Eiko,1945,Her studio is destroyed by an air raid,,,
Yamazawa Eiko,1946,Begins working as a studio photographer at the US Army Post Exchange in Kyoto,,,
Yamazawa Eiko,1950,Founds the Yamazawa Photography Research Institute at the Hamachi Hospital Annex to educate young photographers,,,
Yamazawa Eiko,1952,Opens the Yamazawa Commercial Photography Studio at the Sogo Department Store in Osaka,,,
Yamazawa Eiko,1953,Publishes 探求<i> </i>(Quest),,,
Yamazawa Eiko,1955,"Visits Kanaga and stays for half a year in New Year, where she meets Imogen Cunningham",,,
Yamazawa Eiko,1960,Closes the Yamazawa Commercial Photography Studio,,,
Yamazawa Eiko,1962,Publishes 遠近<i> </i>(Far and Near),,,
Yamazawa Eiko,1965,Travels for half the year in Europe and the US,,,
Yamazawa Eiko,1974,Travels to Mexico and the US,,,
Yamazawa Eiko,1976,Publishes 私の原題 (What I'm Doing),,,
Yamazawa Eiko,1977,Receives the Photographic Society of Japan Distinguished Contributions Award,,,
Yamazawa Eiko,1980,Receives the Kobe City Cultural Prize,,,
Yamazawa Eiko,1982,<i> </i>(What I'm Doing: Positions and Directions),,,
Yamazawa Eiko,1983,Publishes 私は女流写真家 (I Am a Woman Photographer),,,
Yamazawa Eiko,1986,Publishes 私の原題３<i> </i>(What I'm Doing 3),,,
Yamazawa Eiko,1994,Holds retrospective exhibition at the Itami City Museum of Art,,,
Saeki Toshiko,1958,Begins taking photographs of bird with her child's camera,,,
Saeki Toshiko,1962,Publishes 庭にくる鳥―佐伯敏子写真集 (Birds As Our Guests in the Garden: Saeki Toshiko Photobook),,,
Saeki Toshiko,1966,Publishes Volume 2 of 庭にくる鳥 (Birds As Our Guests in the Garden),,,
Saeki Toshiko,1976,Publishes Volume 3 of 庭にくる鳥 (Birds As Our Guests in the Garden),,,
Saiki Sachiko,1935,Graduates from the Oriental Photography School in Tokyo and begins working at the photo studio at the Sogō Department Store in Osaka,,,
Saiki Sachiko,1941,Receives Honorable Mention for Photography in the Kokuten,,,
Saiki Sachiko,1946,Begins operating photo studios at the US Army Post Exchanges in Kyoto and Ōtsu,,,
Saiki Sachiko,1958,"At the request of fashion designer Fujikawa Nobuko, she takes over the photography for the magazine <i>Mode Techo</i>, published by Kyoto University of Art and Design",,,
Saiki Sachiko,1959,Opens Saiki Sachiko Photo Studio in Kyoto,,,
Saiki Sachiko,1963,First trip photographing abroad,,,
Saiki Sachiko,1964,"Begins photographing extensively in Southeast Asia, especially Hong Kong and Thailand",,,
Saiki Sachiko,1968,"Begins coverage of countries along the Silk Road, such as Afghanistan, Iran, China, and the former Soviet Union",,,
Saiki Sachiko,1976,Publishes シルクロード―人と出逢う旅 (Silk Road: A Journey of Human Encounters),,,
Saiki Sachiko,1978,Publishes シルクロード百科 (An Encyclopedia of the Silk Road),,,
Saiki Sachiko,1981,Appointed head juror for the Photography Department's Documentary Division of the Kokuten; Publishes 遊牧民旅情―砂漠の華 (The Nomad's Journey: Desert Flowers),,,
Sasamoto Tsuneko,1940,Joins the Photographic Society of Japan at the invitation of Hayashi Kenichi,,,
Sasamoto Tsuneko,1945,Begins working for the local newspaper Chiba Shimbun,,,
Sasamoto Tsuneko,1946,Begins working for the the Fujin Minshu Shimbun newspaper in Tokyo,,,
Sasamoto Tsuneko,1948,Embarks on a freelance career as a photojournalist,,,
Sasamoto Tsuneko,1988,Publishes a book of portraiture ふだん着の肖像 : 昭和 20-30年代を彩った 100人 (Portraits in Everyday Wears: 100 People Who Enlivened the Shōwa Decades),,,
Sasamoto Tsuneko,1989,Publishes ライカでショット！お嬢さんカメラマンの昭和スナップ (Nice Shot! A Young Female Cameraman's Snapshots of the Shōwa Era),,,
Sasamoto Tsuneko,1997,Wins the Tokyo Women's Foundation Award,,,
Sasamoto Tsuneko,2001,Wins the 16th Diamond Lady Award,,,
Sasamoto Tsuneko,2011,Wins the 45th Yoshikawa Eiji Culture Award and an award for distinguished service from the Photographic Society of Japan,,,
Sasamoto Tsuneko,2016,Wins the Lucie Award for Lifetime Achievement; the Japan Professional Photographers' Society establishes the Sasamoto Tsuneko Photography Award,,,
Sasamoto Tsuneko,2018,Honoured with the title Tōkyō-to meiyotomin,,,
Matsuyama Tazuko,1977,Acquires a Pikkari Konica camera and begins documenting her hometown in Gifu Prefecture as plans for the Tokuyama Dam get underway,,,
Matsuyama Tazuko,1983,Publishes 故郷―私の徳山村写真日記 (Hometown: Photo Diary of My Tokuyama) (Jakometei shuppan),,,
Matsuyama Tazuko,1987,Moves to Gifu City when her village is condemned; Publishes ありがとう徳山村―増山たづ子写真集 (Thank You Tokuyama Village: Matsuyama Tazuko Photobook)<i> </i>(Kageshobō),,,
Matsuyama Tazuko,1984,Recipient of the AVON Award for Women,,,
Matsuyama Tazuko,1988,Publishes 増山たづ子―徳山村写真全記録 (Matsuyama Tazuko: A Complete Photo Record of Tokuyama Village)<i> </i>(Kageshobō),,,
Kiyooka Sumiko,1965,Travels to Tokyo from her hometown of Kyoto and begins work as a freelance photographer,,,
Kiyooka Sumiko,1967,Publishes the small photobook 尼寺 (Convent) (Mainichi Shinbunsha),,,
Kiyooka Sumiko,1968,Publishes the nonfiction book 女と女：レずビアンの世界 (Women with Women: The World of Lesbians) (Naniwa shobō),,,
Kiyooka Sumiko,1969,Publishes the nonfiction book on lesbian life 告白 (Confession) (Surugadai shobō),,,
Kiyooka Sumiko,1970,Publishes the photobook ナツコとシルビア (Natsuko and Silvia) (Futabasha); Publishes the work of fiction 昭栄尼抄 (Extracts of a Shōei Nun) (Bunkasha),,,
Kiyooka Sumiko,1971,Publishes the nonfiction book レズビアンラブの入門 (Introduction to Lesbian Love) (Ikeda I.P.B.),,,
Kiyooka Sumiko,1972,Recieves an award at the World Photography Exhibition; Publishes the nonfiction book <i>How to Les</i>,,,
Kiyooka Sumiko,1973,"Publishes the nonfiction book セルフ・ラブ (Self Love) (Tatsumi Publishing Co.), the fictional photobook 禁断の魔女 (Forbidden Witches) (Tatsumi Publishing Co.), and the work of fiction 日蓮女優 (Nichiren Actress) (Bunkasha)",,,
Kiyooka Sumiko,1977,Publishes 聖少女 (Holy Girl) (Fuji Art),,,
Kiyooka Sumiko,1983,"Publishes the controversial book of ""Lolita"" photography 私は「まゆ」13歳 (I'm Mayu, 13 Years Old) (Fuji Art)",,,
Okanoue Toshiko,1952,"After graduating from the Design Department of the Bunka Gakuin College in Tokyo, Okanoue meets leading Japanese Surrealist Takiguchi Shuzo and begins to make photocollages heavily influenced by surrealist aesthetics and the Japanese collage technique of chigiri-e",,,
Okanoue Toshiko,1953,"Holds the solo exhibition「岡上淑子コラージュ展」(Okanoue Toshiko Collage Exhibition) at Takemiya Gallery in Tokyo; Participates in the group exhibition 「抽象と幻想ー非写実絵画をどう理解するか」(Abstraction and Surrealism: How to Understand Them?) at the National Museum of Modern Art, Tokyo",,,
Okanoue Toshiko,1956,Holds the solo exhibition「岡上淑子コラージュ展」(Okanoue Toshiko Collage Exhibition) at Takemiya Gallery in Tokyo,,,
Okanoue Toshiko,1957,Marries the painter Kazutomo Fujino and stops making art professionally,,,
Okanoue Toshiko,1959,Her work is included in the American Photography Handbook,,,
Okanoue Toshiko,1996,Work is included in the exhibition 1953年ライトアップー新しい戦後美術像が見えてきた (Shedding Light on Art in Japan 1953) at the Meguro Museum of Art in Tokyo,,,
Okanoue Toshiko,2000,"Holds the solo exhibition「岡上淑子フォト・コラージュ-夢のしずく/ゲストキュレーター金子隆一」 (Okanoue Toshiko Photo-Collage: Droplets of Dreams) at The Dai-ichi Mutual Life Insurance, Co. South Gallery in Tokyo",,,
Tokiwa Toyoko,1951,"Graduates from Tokyo Kasei Gakuin; Joins the amateur women's photography club, the Shirayuri (White Lily) Camera Club",,,
Tokiwa Toyoko,1956,"Holds first solo exhibition, 働く女性 (Working Women), at the Konishiroku Photo Gallery in Tokyo, featuring realist documentary photographs of professional women wrestlers, models, nurses, and sex workers",,,
Tokiwa Toyoko,1957,"Participates in the influential Eyes of Ten exhibition in Tokyo; Publishes a documentary photobook focused on the lives of sex workers in the red-light district of Yokohama, 危険の徒花 (Dangerous, Fruitless Flowers) (Mikasa shobō)",,,
Tokiwa Toyoko,1962,"Begins working as a producer for a television series, Working Women, that runs until 1965",,,
Tokiwa Toyoko,1967,Joins the art screening committee for Kanagawa Prefecture,,,
Tokiwa Toyoko,1987,Appointed instructor at the Fujisawa Culture Center,,,
Tokiwa Toyoko,1996,Publishes 横浜再現：二人で写した敗戦ストーリー (Reproducing Yokohama: Two Who Photographed the Story of Defeat in Yokohama) (Heibonsha),,,
Imai Hisae,1952,Graduates from Bunka Gakuin,,,
Imai Hisae,1956,Holds first exhibtion 白昼夢 (Daydream) at Matsushima Gallery in Tokyo,,,
Imai Hisae,1957,Holds solo exhibition 心象的風景 (Imaginary Landscape) at Fuji Photo Salon in Tokyo,,,
Imai Hisae,1959,Wins the Japan Photo Critics Association Newcomers' Award; Holds solo exhibitions at Fuji Photo Salon and Moonlight Gallery in Tokyo,,,
Imai Hisae,1960,Holds Japan Photo Critics Association Newcomers' Award Exhibition オフェリアとその後 (Ophelia and After); Wins Camera Art's Photographic Art Award,,,
Imai Hisae,1961,Holds solo exhibition モデルと北風 (Model and Northern Winds) at Moonlight Gallery in Tokyo,,,
Imai Hisae,1962,Involved in a life-threatening car accident that damages her eye sight,,,
Imai Hisae,1963,The Imai Hisae Photography Exhibition is held at Fuji Photo Salon,,,
Imai Hisae,1969,Wins the Great Printmakers of Today Award,,,
Imai Hisae,1971,"Holds first solo exhibition since her accident, 馬に旅して (Travel by Horse) at the Shinjuku Nikon Salon; Wins the Society of Publication Designers' Silver Award",,,
Imai Hisae,1975,Holds solo exhibition 馬の世界を詩う (The Enchanting World of Horses) at Takashimaya in Osaka,,,
Imai Hisae,1977,"The exhibition 馬の世界を詩う (The Enchanting World of Horses) travels to Brussels, Belguim and Paris, France",,,
Imai Hisae,1978,Wins the Photography Society of Japan's Annual Award,,,
Imai Hisae,2009,Wins the JRA Horse Culture Achievement Award,,,
Yoshida Ruiko,1961,Moves to New York to study photojournalism at Columbia University as a Fulbright Scholar; Begins photographing,,,
Yoshida Ruiko,1964,Graduates from Columbia University,,,
Yoshida Ruiko,1968,Receives an award for her photographs of children in Harlem,,,
Yoshida Ruiko,1971,Returns to Japan,,,
Yoshida Ruiko,1972,Holds first solo exhibition Harlem: Black is Beautiful at a department store in Shibuya,,,
Yoshida Ruiko,1974,"Publishes the photobook ハーレム：黒い天使たち (Harlem: Black Angels) (Kodansha) focused on Black children living in Harlem, with text by Kijima Hajime",,,
Yoshida Ruiko,1977,Publishes the first version of 自分をさがして旅に生きてます (Looking for Myself and Living on a Journey) (Jakometei shuppan),,,
Yoshida Ruiko,1978,Publishes ぼくの肌は黒い (My Skin is Black) (Poplar),,,
Yoshida Ruiko,1979,"Publishes the best-selling photobook ハーレム熱い日々 / Black is Beautiful (Kodansha), which accumulates ten years of photographs from her time in New York alongside her written observations",,,
Yoshida Ruiko,1982,Directs the Tōho film ロングラン (Long Run),,,
Yoshida Ruiko,1983,Publishes 世界おんな風土記 (A Record of Women of the World) (Ōbunsha),,,
Yoshida Ruiko,1984,Publishes 女たちのアジア (Women's Asia) (Ōbunsha),,,
Yoshida Ruiko,1985,Publishes さんディーノの子どもたち：私の見たニカラグア (The Children of Sandino: The Nicaragua I Saw) (Ōtsuki shoten),,,
Yoshida Ruiko,1987,Publishes 吉田ルイ子のアメリカ (Yoshida Ruiko's America) (Kodansha); Publishes フォト・ジャーナリストとは？撮れなかった一枚の写真 (A Photojournalist? The One Photograph I Could Not Take) (Iwanami shoten),,,
Yoshida Ruiko,1989,Publishes 南ア・アパルトヘイト共和国 (South Africa Apartheid Republic) (Ōtsuki shoten),,,
Yoshida Ruiko,1990,Publishes アパルトヘイトの子どもたち：僕たちは怒っている (The Children of Apartheid: We Are Angry) (Poplar),,,
Yoshida Ruiko,1995,Publishes 南アフリカ新しい風 MASAKANE (New Winds in South Africa) (Ōtsuki shoten),,,
Yoshida Ruiko,1996,Publishes 少女マギー：南アフリカ・アパルトヘイトをのりこえて (The Young Girl Maggie: Overcoming Apartheid in South Africa) (Poplar),,,
Yoshida Ruiko,1999,Publishes 子どもは見ている / The Family of Child (Kodansha) with paintings by Iwasaki Chihiro,,,
Yoshida Ruiko,2001,Wins a special award from the Japan Journalism Association (JCJ); Publishes 華麗な女たち (Chinese Women) (Chuo koronsha),,,
Yoshida Ruiko,2003,Wins the 19th Higashikawa International Photo Festival Award,,,
Ushioda Tokuko,1963,"Graduates from Kuwasawa Design School, where she studied under Ōtsuji Kiyoji and Ishimoto Yasuhiro",,,
Ushioda Tokuko,1966,Begins teaching at Kuwasawa Design School and later Tokyo Zōkei University,,,
Ushioda Tokuko,1975,"Begins working as a freelance photographer, primarily for magazines",,,
Ushioda Tokuko,1976,Holds her first solo exhibition 微笑みの⼿錠 (Handcuffed Smile) at Shijuku Nikon Gallery,,,
Ushioda Tokuko,1978,"Retires from teaching; Marries fellow photographer Shinzō Shimao and gives birth to a daugher, after which she makes photographs within her new domestic space",,,
Ushioda Tokuko,1986,Self-publishes the photobook Chinese People,,,
Ushioda Tokuko,1989,Holds a solo exhibition 生活 (Life) at Film Round Gallery in Tokyo,,,
Ushioda Tokuko,1992,Holds first exhibition of her series 冷蔵庫 (Icebox) at the Tokyo Design Center,,,
Ushioda Tokuko,1994,Holds first exhibition of her series HATS at Gallery MOLE in Tokyo,,,
Ushioda Tokuko,1996,"Publishes the photobook 冷蔵庫 (Icebox) (BeeBooks) with an essay written by Ushioda titled, ""Is Mom a Refrigerator?""",,,
Ushioda Tokuko,2002,Holds solo exhibition 聖歌 (Sacred Dance) at Contemprary Photo Gallery in Tokyo,,,
Ushioda Tokuko,2003,"Holds three solo exhibitions of the series 本の景色 / BIBLIOTHECA at Waseda University Library, Contemporary Photo Gallery, and the 5th Library Fair at Tokyo International Forum",,,
Ushioda Tokuko,2004,Publishes the photobook HATS (Parol),,,
Ushioda Tokuko,2016,Publishes the photobook みすず書房旧社屋 (Misuzu) (Genki shobō),,,
Ushioda Tokuko,2017,Publishes the photobooks 本の景色 / BIBLIOTHECA (Genki shobō) and 先生のアトリエ (My Teacher's Atelier) (Genki shobō),,,
Ushioda Tokuko,2018,"Wins the Domon Ken Award, the Photographic Society of Japan's Lifetime Achievement Award, and the 34th Higashikawa Domestic Photography Award for 本の景色 / BIBLIOTHECA",,,
Ushioda Tokuko,2019,Receives the Kuwasawa Special Award,,,
Ushioda Tokuko,2022,"Publishes the photobook マイハスバンド (My Husband) (torch press), photographs taken from 1978 to 1983 that feature Ushioda and Shinzō's domestic and social lives within the photo world",,,
Watanabe Hitomi,1968,Graduates from Meiji University and the Tokyo College of Photography; Exhibits 香具師の世界 (World of Street Hawkers) as her graduating thesis; Begins contributing photographs to the pictorials Asahi Graph and Shashin Eizō; Self-publishes the photobook 新宿オンテンポラリー (Shinjuku Contemporary) depicting the epicenter of the Japanese counterculture and antiwar movement in Shinjuku,,,
Watanabe Hitomi,1969,"The only female photographer behind the barricades at Tokyo University, Watanabe documents the Zenkyōtō (All-Campus Joint Struggle Committee) Protests and publishes them in われわれにとって東大闘争とは何か (Tōdai Zenkyōtō: What the Tokyo University Conflict Is for Us)",,,
Watanabe Hitomi,1972,Begins traveling to other countries in Asia and devotes herself to spiritual photographic projects,,,
Watanabe Hitomi,1983,Publishes the photobook 天竺 (Tenjiku) (Yasosha) with images from India and Nepal,,,
Watanabe Hitomi,1986,Publishes the photobook モヒタの夢の旅 (Mohita's Dream Journey) (Kaiseisha),,,
Watanabe Hitomi,1994,Publishes the photobook 猿年紀 (The Era of Monkey) (Shinchōsha),,,
Watanabe Hitomi,1997,Publishes the photobook 西方神話 (Myths of the West) (Chuokoronsha),,,
Watanabe Hitomi,2001,"Publishes the photobook ひらいて、Lotus (Open, Lotus) (Shuppanshinsha)",,,
Watanabe Hitomi,2003,Publishes the photobook てつがくのさる (The Monkey Philosopher) (Shuppanshinsha),,,
Watanabe Hitomi,2007,"Publishes the first of two books about the Zenkyōtō protests, 東大全共闘 1968-1969 (Tōdai Zenkyōtō 1968-1969) (Shinchōsha)",,,
Watanabe Hitomi,2014,Publishes the photobook 1968新宿 (1968 Shinjuku) (Machikarasha),,,
Watanabe Hitomi,2015,"Publishes the second of two books about the Zenkyōtō protests, <i>Tokyo University 1968-1969: Behind the Blockade </i>(Zen Foto Gallery)",,,
Watanabe Hitomi,2017,Publishes the photobook TEKIYA 香具師 (Tekiya) (Jiyusha),,,
Sugiura Kunie,1949,"Moves to Tokyo with her widowed mother, who manages the PX at the U.S. military base in Tachikawa",,,
Sugiura Kunie,1960,Enters the physics department at Ochanomizu University,,,
Sugiura Kunie,1963,Travels to the U.S. to begin studying photography at the School of the Art Institute of Chicago under the conceptual photographer Kenneth Josephson,,,
Sugiura Kunie,1967,"Graduates from the School of the Art Institute of Chicago and moves to New York City, where she works as a photographer's assistant, designs record jackets for Columbia Records, and meets other Japanese artists working there",,,
Sugiura Kunie,1968,"Marries Jerry Dorman, an assistant professor at the Polytechnic Institute of Brooklyn; Work from her Cko series of color montages is published in the magazines U.S. Camera and Modern Photography",,,
Sugiura Kunie,1969,Holds first solo exhibition of work from the Cko series at Portogallo Gallery in New York; Receives her U.S. Permanent Resident Card,,,
Sugiura Kunie,1970,The critic Dick Bellamy signs on as Sugiura's agent,,,
Sugiura Kunie,1972,"Holds multiple exhibitions of her Photocanvas series, including in the Whitney Museum's Annual Exhibition of Painting",,,
Sugiura Kunie,1975,"Separates from her spouse and moves to a new studio in New York's SoHo neighborhood, the center of new art trends at the time",,,
Sugiura Kunie,1978,Holds her first solo exhibition in Japan of her Photo-Painting series at the Ginza Kaiga Kan in Tokyo,,,
Sugiura Kunie,1979,"Holds her first of many exhibitions at the Zeit Foto Salon, a gallery specializing in photography in Tokyo",,,
Sugiura Kunie,1980,Beings to create photograms,,,
Sugiura Kunie,1985,"Participates in the Tsukuba Museum of Photography's exhibition Paris, New York, Tokyo",,,
Sugiura Kunie,1986,"Begins writing the ""New York Report"" for the Japanese art magazine Bijutsu Techo, which she continues until 2008; Holds the first of many exhibitions at the Leslie Tonkonow Artiworks + Project Gallery",,,
Sugiura Kunie,1990,"Sugiura's work is included alongside that of Ishiuchi Miyako in the group exhibition, 女性のまなざしー日本とドイツの女性写真家達 (Women Photographers' Perspectives in Germany and Japan), held at the Kawasaki City Museum",,,
Sugiura Kunie,1993,The experience of being x-rayed inspires new work with x-rays that she exhibits for the first time at Wesleyan University and in the first of many shows at Kamakura Gallery in Tokyo,,,
Sugiura Kunie,1994,"Participates in numerous group exhibitions, including Experimental Vision at the Denver Art Museum, which traced the history of the photogram; Marries the sculptor John Duff (whom she later divorces in 1997)",,,
Sugiura Kunie,1995,"Participates in numerous group exhibitions, including 現代写真の動向 ANOTHER REALITY (Aspects of Contemporary Photography: Another Reality) at the Kawasaki City Museum",,,
Sugiura Kunie,1996,"Participates in numerous group exhibitions, including Japanese Photography: Contemporary Landscape 1980-1995 at the Tokyo Metropolitan Museum of Photography (now the Tokyo Photographic Art Museum)",,,
Sugiura Kunie,1997,"Sugiura's work is included in New Photography 13, the acclaimed annual exhibition at the Museum of Modern Art, New York",,,
Sugiura Kunie,1998,Holds the first of numerous exhibitions at Judy Ann Goldman Fine Art in Boston,,,
Sugiura Kunie,1999,Participates in numerous international group exhibitions; Begins to include human beings as her subjects for photograms,,,
Sugiura Kunie,2002,Sugiura's photogram of Shinohara Ushio boxing is featured on the cover of Art in America,,,
Sugiura Kunie,2003,The Joy of Giving Something Foundation commissions a work from Sugiura to commemorate the fiftieth anniversary of the discovery of the DNA structure and she begins work focused on famous scientists,,,
Sugiura Kunie,2004,The group exhibition Out of the Ordinary/Extraordinary: Japanese Contemporary Photography travels and introduces Sugiura's work around the world,,,
Sugiura Kunie,2007,"Wins the 23rd Higashikawa Domestic Photographer Award; Participates in several group exhibitions, including Making a Home: Japanese Contemporary Artists in New York at the Japan Society Gallery in New York",,,
Sugiura Kunie,2008,"A retrospective exhibition, Time Emit, is held at the Visual Arts Center of New Jersey",,,
Sugiura Kunie,2014,Holds the first of numerous solo exhibitions at Taka Ishii Gallery in Tokyo,,,
Sugiura Kunie,2015,"Sugiura's work is included in the traveling exhibition For a New World to Come: Experiments in Art and Photography, Japan, 1968-1979",,,
Sugiura Kunie,2018,"A retrospective exhibition, 杉浦邦恵：うつくしい実験 / ニューヨークとの50年 (Sugiura Kunie: Aspiring Experiments / New York in 50 Years), is held at the Tokyo Photographic Art Museum",,,
Ōishi Yoshino,1966,Visits Vietnam and Cambodia for the first time,,,
Ōishi Yoshino,1978,Publishes 愛しのニューギニア (Dear New Guinea) (Gakushū kenkyūsha),,,
Ōishi Yoshino,1979,Publishes 花黙し: 大石芳野写真集 (Flowers Silent) (Bronze),,,
Ōishi Yoshino,1980,"Publishes 女の国になったカンボジア (Cambodia, Land of Women) (Ushio shuppan)",,,
Ōishi Yoshino,1981,Publishes パプア人: いま石器時代に生きる (Papuan People: Living in the Stone Age Now) (Heibonsha); Publishes 無告の民: カンボジアの証言 (A Helpless People: The Testimony of Cambodia) (Iwanami shoten),,,
Ōishi Yoshino,1982,Wins the Photographic Society of Japan's Annual Award for her photobook 無告の民 (Helpless Citizens),,,
Ōishi Yoshino,1983,"Publishes 少年パパニー (Boy ""Papany"") (Yayoi shobō); Publishes ワニの民: メラネシア芸術の人びと (Crocodile People: The People of Melanesian Art) (Tōjusha)",,,
Ōishi Yoshino,1984,"Publishes ベトナムは、いま (Vietnam, Now) (Kodansha); Publishes 隠岐の国 (Land of Oki) (Kumon shuppan); Publishes 証言する民: 十年後のベトナム戦争 (The People Testify: The Vietnam War, Ten Years Later) (Kodansha)",,,
Ōishi Yoshino,1985,"Publishes ベトナムは、いま: 十年後のベトナム戦争 (Vietnam, Now: 10 Years After the Vietnam War) (Kodansha)",,,
Ōishi Yoshino,1986,Publishes 沖縄に活きる (Living in Okinawa) (Yōbisha),,,
Ōishi Yoshino,1988,"Publishes 沖縄の原像: 内と外との相克 (Statues of Okinawa: Battle between Inside and Out) (Niraisha); Publishes 闘った人びと: ベトナム戦争を過ぎて (People Who Battled: Through the Vietnam War) (Kodansha); Publishes 『夜と霧』をこえて: ポーランド・強制収容所の生還者たち (Beyond ""Night and Fog"") (NHK); Publishes 夜と霧は今 (Night and Fog, Now) (Yōbisha)",,,
Ōishi Yoshino,1991,Publishes 悲しみのソビエト: 民族をあるく (Soviets of Grief) (Kodansha),,,
Ōishi Yoshino,1992,"Publishes あの日、ベトナムに枯葉剤がふった: 戦争の傷あとを見つめつづけた真実の記録 (That Day, Agent Orange Fell on Vietnam) (Kumon shuppan)",,,
Ōishi Yoshino,1993,Publishes カメラを肩に見た世界 (The World Seen through the Camera on Your Shoulder) (Rōdō junpōsha); Publishes カンボジア苦界転生: 大石芳野フォト・ドキュメント (Reincarnation in Cambodia) (Kodansha),,,
Ōishi Yoshino,1994,Receives the Newcomer Award for Art from the Bunckchō,,,
Ōishi Yoshino,1995,"Publishes Hiroshima半世紀の肖像: やすらぎを求める日々 (Hiroshima, a Half-Century Portrait) (Kadokawa shoten)",,,
Ōishi Yoshino,1997,"Publishes 沖縄若夏の記憶 (Memories of Wakanatsu, Okinawa) (Iwanami shoten); Publishes 活気あふれて長い戦争のあと: ベトナム (アジアの子どもたち) (After a Vigorous Long War: Vietnam) (Sōdo shuppan); Publishes 小さな草に (On a Small Grass) (Asahi Shinbunsha)",,,
Ōishi Yoshino,1998,Publishes 生命の木 : アジアの人びとと自然 (Tree of Life: People and Nature of Asia) (Sōdo shuppan),,,
Ōishi Yoshino,2000,Publishes ベトナム凛と: 大石芳野写真集 (In the Frigidness of Vietnam) (Kodansha),,,
Ōishi Yoshino,2001,Wins the Domon Ken Award for the photobook ベトナム凛と (In the Frigidness of Vietnam),,,
Ōishi Yoshino,2002,Publishes コソボ破壊の果てに: 大石芳野写真集 (At the End of the Destruction of Kosovo) (Kodansha),,,
Ōishi Yoshino,2003,Publishes アフガニスタン戦禍を生きぬく: 大石芳野写真集 (Surviving the Horrors of Afghanistan) (Fujiwara shoten),,,
Ōishi Yoshino,2004,Becomes a committee member of the Committee of Seven to Appeal for World Peace; Publishes コソボ絶望の淵から明日へ (Kosovo from the Depths of Despair to Tomorrow) (Iwanami shoten),,,
Ōishi Yoshino,2005,"Publishes 声・映像・ジャーナリズム: メディアの中の戦争と文学 (Voice, Film, Journalism: War and Literature in the Media) (Ferris University); Publishes 子ども戦世のなかで: 大石芳野写真集 (Children in a World of War) (Fujiwara shoten)",,,
Ōishi Yoshino,2007,Recieves the Purple Ribbon Medal of Honor; Publishes 魂との出会い: 写真家と社会学者の対話 (Encounters with the Soul: A Dialogue between Photographers and Sociologists) (Fujiwara shoten),,,
Ōishi Yoshino,2008,Recieves the Nihon University Award; Publishes ＜不発弾＞と生きる: 祈りを織るラオス (Living with Unexploded Bombs: Laos Weaving Prayers) (Fujiwara shoten),,,
Ishiuchi Miyako,1953,"Ishiuchi's family moves from Gunma Prefecture to the Oppamahon-chō neighborhood in Yokosuka, a city in Kanagawa Prefecture known for its U.S. Naval Base",,,
Ishiuchi Miyako,1964,Becomes interested in design upon seeing Kamekura Yūsaku's design for the 1964 Tokyo Olympics posters,,,
Ishiuchi Miyako,1966,Enters Tama Art University (Tamabi) to study design,,,
Ishiuchi Miyako,1967,Transfers to the textiles department at Tamabi,,,
Ishiuchi Miyako,1969,"Participates in student protests with the Bijutsu Kyōtō Kaigi (Artists Joint Struggle Council, also known as Bikyōtō); Establishes the Kakumei-teki Shokunin Dō-mei (Revolutionary Craftsmen's Association)",,,
Ishiuchi Miyako,1970,"Forms a uman ribu (women's liberation) group, the Shisō Shūdan Esuiekusu (Thought Group S E X) with Mori Setsuko and Yonezu Tomoko and later quits; Drops out of Tamabi; Moves to Tokyo and begins working part-time jobs",,,
Ishiuchi Miyako,1975,"Receives a camera and darkroom equipment from her boyfriend Fujisaki Kōichi; Begins using a Pentax SV camera with a 28mm lens; Sets up a darkroom at her parents' home in Kanazawa Hakkei and photographs in the region; Participates in the group exhibition Shashin Kōka 3 (Photographic Effect 3) at Gallery Shimizu in Tokyo, where Araki Nobuyoshi and Tōmatsu Shōmei praise her work, encouraging her to continue pursuing photography; Adopts her mother's maiden name, Ishiuchi Miyako, as her professional name (she was born Fujikura Yōko)",,,
Ishiuchi Miyako,1976,"Buys a Nikon F2 camera and a 200mm lens; Decides to start photographing Yokosuka after she visits the Tōhoku region and is uninspired; Organizes and participates in the exhibition Hyakkaryōan (Riot of Flowers) at Gallery Shimizu in Tokyo, featuring the work of ten women photographers",,,
Ishiuchi Miyako,1977,"Araki Nobuyoshi introduces Ishiuchi to Miki Jun, photographer and director of the Nikon Salon, where she exhibits work from Yokosuka Story; Participates in the group exhibition Photography Today '77 at the Kanagawa Kenmin Gallery in Yokohama",,,
Ishiuchi Miyako,1978,Her father gives her the money that had been saved for her wedding so that she can produce photobooks; Publishes the photobook Apartment (Shashin tsūshinsha); Holds exhibition of the Apartment series at the Nikon Salon in Tokyo,,,
Ishiuchi Miyako,1979,"Receives the 4th Kimura Ihei Award for Apartment and holds a solo exhibition at Nikon Salon; Publishes the photobook Yokosuka Story (Shashin tsūshinsha); Participates in the group exhibit Japan: A Self-Portrait held at the International Center of Photography in New York; Travels to New York, California, Arizona, and Mexico for More Magazine; Photographs in color for the first time",,,
Ishiuchi Miyako,1980,Holds a solo exhibit of work from Endless Night at Nikon Salon; Participates in the group exhibition Photo-Session '80 at Konishiroku Gallery in Tokyo,,,
Ishiuchi Miyako,1981,"Publishes the photobooks Endless Night (Asahi sonorama) and Suidōbashi (Issei shuppan); Rents the 2nd New Yokosuka cabaret where she prints new photographs of Yokosuka and exhibits them alongside works from Yokosuka Story in the exhibit, From Yokosuka",,,
Ishiuchi Miyako,1982,Holds solo exhibition Suidōbashi at Nikon Salon; Work appears in Asahi Camera and Camerart,,,
Ishiuchi Miyako,1983,Invited to make photographs for the magazine Camera Mainichi,,,
Ishiuchi Miyako,1984,"Invited to participate in the Polaroid Corporation's project to have famous photographers produce work with a 20x24 Polaroid camera, for which she creates the series Dōkyūsei, portraits of her classmates from Yokosuka City Second High School; Her work appears in Camera Mainichi and Mainichi Graphic; Holds solo exhibit Tokyo Bay Cities at Nikon Salon; Participates in the group exhibit DuMont Foto 5: Die Japanische Photographie at the Museum für Kunst und Gewerbe in Hamburg",,,
Ishiuchi Miyako,1985,"Holds solo exhibits at Nikon Salon and Space de Aupa in Nagoya; Participates in the group exhibit Paris, New York, Tokyo at the Tsukuba Museum of Photography",,,
Ishiuchi Miyako,1986,"Travels to Guam for a commission by All Nippon Airways; The series Dōkyūsei is published in The Works with Polaroid 20x24, 1983-1986 (Seikyūsha); Holds solo show Tokyo Bay Cities at Saikaya Salon in Yokosuka; Exhibits work from Dōkyūsei in World of Super-Image at the Yūrakucho Seibu Art Forum in Tokyo",,,
Ishiuchi Miyako,1987,Begins working on the series 1947 by photographing Araki Yōko; Participates in the group exhibit Japanese Women Photographers at Lehigh University Art Gallery in Pennsylvania,,,
Ishiuchi Miyako,1988,Holds a solo exhibit From Yokosuka: Third Position at Room 801 in Tokyo with new work made in Yokosuka,,,
Ishiuchi Miyako,1989,"Photographs EM Club in Yokosuka before it is demolished; Participates in the group exhibit The Hitachi Collection of Contemporary Japanese Photography at the Center for Creative Photography, The University of Arizona",,,
Ishiuchi Miyako,1990,Stops photographing Yokosuka; Publishes the photobook 1947 (Inter Press Corporation); Work appears in Asahi Camera and Asahi Graph; Participates in the group exhibit Women's Perspective in Germany and Japan at the Kawasaki City Museum,,,
Ishiuchi Miyako,1991,"Begins to photograph the Butoh dancer Ohno Kazuo; Holds solo exhibit at Past Rays Photo Gallery in Yokohama; Participates in multiple group exhibits, including Unknown Self: Self-Portraits of Contemporary Women at the Tokyo Metropolitan Museum of Photography",,,
Ishiuchi Miyako,1992,"Holds a solo exhibit Interior 2 at Gallery Te in Tokyo; Participates in multiple group exhibits, including So oder so nicht sein: Symposion über Fotografie 13 at Forum Stadtpark in Graz, Austria",,,
Ishiuchi Miyako,1993,"Publishes a compilation of essays in the book Monochrome (Chikuma shobō); Holds a solo exhibit Interior 3 at Galler Te; Participats in multiple group exhibits, including Changing I: Dense Cities at Shedhalle Zurich",,,
Ishiuchi Miyako,1994,"Travels to New York and meets Robert Frank; Publishes the photobook 1906 to the skin (Kawade shobō shinsha); Holds multiple solo exhibits including work from 1947 at Laurence Miller Gallery in New York; Participats in multiple group exhibits, including, Japanese Art after 1945: Scream Against the Sky at the Guggenheim Museum in New York",,,
Matsumoto Michiko,1971,Attends and photographs a <i>ūman ribu</i> (Women's Liberation) training camp in Nagano and publishes the photographs in <i>Asahi Graph</i> and <i>Shukan Bunshun; </i>She continues to photograph ribu protests and demonstrations until 1977,,,
Matsumoto Michiko,1972,Her photographs from the Nagano <i>ribu</i> training camp appear on posters for the Ribu Conference,,,
Matsumoto Michiko,1974,"Photographs Witch Concerts, concerts organized for women by the women of the Three Points cafe, a gathering center for the ūman ribu movement; Begins traveling to New York, Los Angeles, and Paris to photograph protests and make portraits of key women in feminist movements, the arts, and publishing",,,
Matsumoto Michiko,1976,Photographs Witch Concerts,,,
Matsumoto Michiko,1977,Photographs Witch Concerts,,,
Matsumoto Michiko,1978,"Publishes <i>Women Come Alive</i>, a collection of her feminist photographs of the 1970s",,,
Matsumoto Michiko,2013,Publishes the photobook 日本のバラ (Japanese Roses) (Tankōsha),,,
Matsumoto Michiko,2015,Publishes the photobook 東京桜100花 (100 Cherry Blossoms in Tokyo) (Tankōsha),,,
Matsumoto Michiko,2016,"Publishes the photobook 更紗 (Chintz) (Tankōsha); Holds a solo exhibition of portrait photographs at The Museum of Contemporary Art Karuizawa, Nagano",,,
Takeda Hana,1970,"After graduating from high school, her father buys her a Pentax SV camera, and she starts making photographs",,,
Takeda Hana,1974,Graduates from Tōyō University,,,
Takeda Hana,1979,"Publishes her first photobook うちの猫・よその猫 (Indoor Cat, Outdoor Cat) (Shinya sosho)",,,
Takeda Hana,1980,Publishes the photobook 猫町横丁 駄猫・雑猫グラフィティー (Cat Town Yoko-chō) (Izara shobo),,,
Takeda Hana,1982,Publishes the photobook 猫のいた場所 (Places with Cats) (Shuppan shinsha),,,
Takeda Hana,1987,"Begins traveling to run-down towns, such as Soka, Ashikaga, Tatebayashi, and Kiryu, among others, to photograph for the project 眠そうな町 (Sleepy Town); Publishes the photobook 猫・陽あたる場所 (Cats in the Sun) (Gendai shokan)",,,
Takeda Hana,1990,Wins the 15th Kimura Ihei Award; Publishes the photobook 眠そうな町 (Sleepy Town) (IPC),,,
Takeda Hana,1996,Publishes the photobook 猫 TOKYO WILD CATS (Chuokoronsha),,,
Takeda Hana,2001,Publishes the photobook SEASIDE BOUND (Chuokoronsha),,,
Takeda Hana,2007,Publishes the photobook 猫・大通り(Cat Boulevard) (Gendai shokan),,,
Ushio Sayuri,1980,Graduates from Beauty Arts Kobe,,,
Ushio Sayuri,1985,"Opens her own hair salon, TICK TOCK Club",,,
Ushio Sayuri,2000,Participates in the Tada Photo Collection 2000 grand prix; also places as a finalist as an entry from the Kansai region for JHA 2000,,,
Ushio Sayuri,2001,Is a finalist for JHA 2001; wins two awards at the Milbon Photo Collection,,,
Ushio Sayuri,2003,Participates in the Arimino Photo Collection 2003; is a finalist for JHA 2003,,,
Ushio Sayuri,2005,Participates in the Arimino Photo Collection 2005,,,
Ushio Sayuri,2009,"Her photograph and text work, <i>Live & Move, </i>is serialized in News Hair Magazine",,,
Ushio Sayuri,2010,Publishes the photobook 日本の美容氏達へ (For Japanese Hairdressers) (Parade),,,
Ushio Sayuri,2011,Opens the Step Bone Cut Academy,,,
Ushio Sayuri,2018,Publishes the book 人生を変える髪の魔法：女性は髪型で10歳若返る(The Magic of Life-Changing Hair: Look Ten Years Younger Through Hairstyles) (Jiyūkokuminsha),,,
Takada Kyōko,1978,"Begins her career in the pharmaceutical industry, working in the medical research division of Fujisawa Pharmaceutical Company",,,
Takada Kyōko,1991,Begins working in commercial photo design and as a freelance photographer,,,
Takada Kyōko,DATE TK,Graduates from the Sōzōsha College of Design with a degree in illustration,,,
Takada Kyōko,DATE TK,Studies with photography professor Takada Seizō and Western art professor Hasegawa Masaki at Osaka Geijutsu Daigaku,,,
Takada Kyōko,2005,"Publishes チュニジアドア (Tunisian Door) (Sairyūsha), and アナザー ニュートラルイスラム世界を旅する人へ (Another Neutral: The Islamic World for Travelers) (Byakuya Shobō",,,
Takada Kyōko,2011,"Publishes 私の愛するチュニジア (My Beloved Tunisia) (Tōhō Shuppan), and 私の愛するエジプト (My Beloved Egypt) (Tōhō Shuppan)",,,
Orisaku Mineko,1981,Graduates from the Kyoto Bunkyo Junior College; participates in the Miss Universe pageant,,,
Orisaku Mineko,1982,Joins the Ōtake Studio,,,
Orisaku Mineko,1985,Selected for the Nika Art Exhibition,,,
Orisaku Mineko,1986,Selected for the Nika Art Exhibition; apprentices with photographer Ōtake Shōji,,,
Orisaku Mineko,1987,Begins independent freelance work,,,
Orisaku Mineko,1991,Publishes BOSTON in the time (Mitsumura Insatsu),,,
Orisaku Mineko,1994,Publishes Dimensions (Kōdansha),,,
Orisaku Mineko,1996,Publishes Turkey (Hashimoto Kakubundō),,,
Orisaku Mineko,2003,Publishes MAGYAR (Kōdansha),,,
Orisaku Mineko,2004,Joins Osaka Geijutsu Daigaku as professor in the photography department,,,
Orisaku Mineko,2005,Publishes 光彩上海 (Colors of Shanghai) (Asahi Shinbunsha),,,
Orisaku Mineko,2006,Publishes MY SWITZERLAND (Seiryū shuppan),,,
Orisaku Mineko,2007,Becomes director of photography department at Osaka Geijutsu Daigaku,,,
Orisaku Mineko,2010,Publishes SWISS 光と風 (SWISS Light and Wind) (Kōdansha),,,
Ogata Hidemi,1983,Begins studying photography with the fashion photographer Izimi Kaoru,,,
Ogata Hidemi,1985,"Travels to the United States of America, largely based in NYC, where she lives and works for approximately five years",,,
Ogata Hidemi,1989,"First solo exhibition: My Fabulous Friends, at Tokyo Designers Space Photo Gallery (Tokyo)",,,
Ogata Hidemi,1992,Participates in the Kobe Fashion Festival,,,
Ogata Hidemi,1995,Publishes <i>Blankey Jet City </i>(Little More),,,
Ogata Hidemi,1999,Publishes 氷 (Ice) (Kōrinsha),,,
Ogata Hidemi,2000,Publishes Diamond Cat (Shinkō Music),,,
Ogata Hidemi,2002,Publishes Silver Wolf - MASATO (ASCII),,,
Ogata Hidemi,2003,"Publishes アイアムアーサー! ―不良牧師からの伝言 ( I Am Arthur! Messages From a Bad Pastor) (Geibunsha), with Arthur Hollands",,,
Ogata Hidemi,2011,Publishes 写真集 横綱白鵬 (Yokozuna Hakuhō Photobook) (Grace),,,
Takahashi Junko,1985,Graduates from Musashino Art University,,,
Takahashi Junko,1989,First solo exhibition is held at Kobayashi Gallery (Tokyo),,,
Takahashi Junko,1990,"Two solo exhibitions: ジョーンズ氏の肖像 (Portrait of Mr. Jones) at Kaneko Art G1 (Tokyo), and ポリ=プラ=スクラップ (Poly=Pla=Scrap) at Mole (Tokyo)",,,
Takahashi Junko,1992,Wins the 5th Canon New Cosmos Award of Excellence for 記憶の絵 (Pictures of Recollection),,,
Takahashi Junko,1993,"Holds a solo exhibition, Ontology, at Gallery+1 (Tokyo)",,,
Takahashi Junko,1995,"Holds a solo exhibition, Heart Beat, at Konica Plaza (Tokyo)",,,
Takahashi Junko,1996,"Publishes her first photobook, a hybrid analogue and CD-ROM photobook, entitled Another Sight (Inner Brain); A solo exhibition of the same series is held at Mole gallery (Tokyo)",,,
Takahashi Junko,1998,"Publishes スクールダズ (School Days) (Shinchosha), Y's Eyes (Yomiuri TV), and Trans Body Bondage (Wailea Press)",,,
Takahashi Junko,2002,"Her work is included in the group exhibition 写真新世紀１０周年記念展 Futuring Power (Futuring Power: 10th Anniversary of New Cosmos of Photography), held at the Tokyo Metropolitan Museum of Photography (Tokyo); she also holds a solo exhibition, cool & heat, at Sho-ART (Tokyo)",,,2002-2003
Takahashi Junko,2006,Publishes The Receptionist (Nazraeli Press),,,
Takahashi Junko,2008,"Her work is included in the group exhibition 日本の新進作家展 vol.7「オン・ユア・ボディ」(On Your Body: Contemporary Japanese Photography Vol.7), held at the Tokyo Metropolitan Museum of Photography (Tokyo); two solo exhibitions: The Receptionist—Tokyo Mid, at LOTUSROOT Gallery (Tokyo), and wreck, at moriokashoten (Tokyo)",,,
Takahashi Junko,2011,"Solo exhibition: LOST WORLD held at Three Shadows Art Photography Center in Beijing, China",,,
Takahashi Junko,2012,"Solo exhibition: Fade Out Changdian / LOST WORLD, held at Shinjuku Nikon Salon (Tokyo)",,,
Onodera Yuki,DATE TK,Graduates from Kuwazawa Design School,,,
Onodera Yuki,1991,Wins the 1st New Cosmos of Photography Award,,,
Onodera Yuki,1992,"Her work is included in the group exhibition, 第1回・写真新世紀 (The 1st New Cosmos of Photography), held at P-3 Art and Environment Gallery (Tokyo)",,,
Onodera Yuki,1993,"Moves to Paris and establishes her own studio; holds her first solo exhibition, 白と玉 (White and Sphere), at Gallery Hosomi (Tokyo)",,,
Onodera Yuki,1995,"Holds three solo exhibitions of her DOWN series in Tokyo at three different galleries, and one solo exhibition in Paris, entitled 古着のポートレート (Portrait of Second-Hand Clothes), at L'Institut Français de la Mode (Paris)",,,
Onodera Yuki,1996,"Wins the 21st Kodak Photo Critic Award, and is included in the exhibition celebrating the same awards, held at the Galerie Passage de Retz (Paris), along with three other group exhibitions and one solo exhibition in Paris.",,,
Onodera Yuki,1997,"Two solo exhibitions in France, held at the Galerie Laage-Salomon (Paris) and the   Galerie du Théâtre Granit (Belfort); Her work is also included in two Japanese group exhibitions, including the 第2回東京国際写真ビエンナーレ 展 ( ノミネート部門日本代表参加 (The 2nd Tokyo International Photo-Biennale / Nomination Section) at the Tokyo Metropolitan Museum of Photography (Tokyo).",,,
Onodera Yuki,1998,"Her work is included in eight group exhibitions internationally, including Moscow, Tokyo, France, and the United States of America.",,,
Onodera Yuki,1999,"She exhibits in three solo exhibitions in Japan: a solo exhibition at the Museum of Modern Art in Gunma, “C.V.N.I.“ at Galerie il tempo (Tokyo), and “P.N.I.“ at Zeit-Photo Salon (Tokyo); Her work is also included in four international group exhibitions in Germany, the USA, and France.",,,
Onodera Yuki,2000,"Solo exhibition at the Galerie du Théâtre Granit (Belfort, France); Her work is also included in six international group exhibitions in France, Germany, China, and the USA.",,,
Onodera Yuki,2001,"She recieves the 17th Higashikawa Award for young artists. Two solo exhibitions in Tokyo: 真珠のつくり方 (How to Make a Pearl) at Zeit-Foto Salon (Tokyo), and 窓の外を見よ (Look Out the Window) at Galerie il Tempo (Tokyo); Her work is also included in four international group exhibitions in Sweden and Japan.",,,
Onodera Yuki,2002,"Wins the Photographic Society of Japan beginners' award; Publishes 真珠のつくり方 (How to Make a Pearl)  (Nazraeli Press) and カメラキメラ (CameraChimera) (Suiseisha); The solo exhibitions  真珠のつくり方 (How to Make a Pearl) and 窓の外を見よ (Look Out the Window) travel to Paris, while two more solo exhibitions open in Tokyo: transvest at Zeit-Foto Salon, and ミツバチ – 鏡 (Bees — Mirror) at Galerie il Tempo; Her work is included in a dozen international group exhibitions in Sweden, Japan, Norway, Finland, Latvia, France, and Japan, including 写真新世紀１０周年記念 (The New Cosmos of Photography 10th Anniversary) at The Tokyo Metropolitan Museum of Photography (Tokyo).",,,
Onodera Yuki,2003,"Wins the Kimura Ihei award; Holds one solo exhibition in Paris and her work is featured in five international group exhibitions in Japan, China, and France.",,,
Onodera Yuki,2004,"Publishes the photobook transvest (Nazraeli Press); Three solo exhibitions in Paris and Tokyo; Her work is also included in seven international group exhibitions in Spain, China, Japan, and Germany, including 六本木クロッシング：日本美術の新しい展望 (Roppongi Crossing: New Visions in Japanese Art) at the Mori Art Museum (Tokyo).",,,
Onodera Yuki,2005,"Multiple solo exhibitions, including at the National Museum of Art in Osaka, Japan, and dozens of international group exhibitions.",,,
Onodera Yuki,2006,Wins the Niépce Award; Participates in multiple international group and solo exhibitions.,,,
Onodera Yuki,2007,"Exhibits in dozens of solo and group exhibitions across the globe, including shows in Paris, Tokyo, Korea, Germany, China, Iceland, and the USA, among others.",,,
Onodera Yuki,2008,"Exhibits in dozens of solo and group exhibitions across the globe, including shows in Paris, Tokyo, Korea, Germany, China, and Luzembourg, among others.",,,
Onodera Yuki,2009,"Exhibits in multiple solo and group exhibitions across the globe, including shows in Paris, Tokyo, Korea, Colombia, Germany, the USA, and Greece, among others.",,,
Onodera Yuki,2010,"Holds a solo exhibition of her work,「写真」の迷宮へ (Yuki Onodera: Into the Labyrinth of Photography), at the Tokyo Metropolitan Museum of Photography; Exhibits in numerous other solo and group exhibitions across the globe, including shows in France, Japan, and China.",,,
Onodera Yuki,2011,Wins the Minister of Education Award for Fine Arts; Wins the 27th Higashikawa Prize; Her career trajectory of numerous international solo and group exhibitions continues through the second decade of the 21st century.,,,
Onodera Yuki,2014,Publishes 11番目の指 (Eleventh Finger) (art beat publishers),,,
Nakamura Haruko,1984,"Nakamura graduates from Nihon University in the photography division of the Department of the Arts; Following her graduation, she travels to Tanzania for six months.",,,
Nakamura Haruko,1989,Publishes 世界の子どもたちタンザニア(Children of the World: Tanzania) (Kaiseisha),,,
Nakamura Haruko,1991,"Her first solo exhibition, 太陽と風のワトト (Watoto of the Sun and the Wind), is held at El Park Sendai (Miyagi)",,,
Nakamura Haruko,1993,Travels to Tuscany and starts a project photographing landscape and scenery.,,,
Nakamura Haruko,1995,"Her solo exhibition, 魚を売るイネさん (Mrs Ine Selling Fish) is held at El Park Sendai (Miyagi)",,,
Nakamura Haruko,1999,Her solo exhibition うみから・・・(From the Sea) is held at Gallery Arata (Miyagi),,,
Nakamura Haruko,2000,"Wins New Cosmos of Photography Grand Prix Award for her work 海からの贈り物 (The Gift from the Sea); Also wins the 21st Annual New Century of Photography Excellence Award, as selected by photographer Araki Nobuyoshi.",,,
,2002,Her work 海からの贈り物 (The Gift from the Sea) is included in the group exhibition 写真新世紀10周年記念 (New Century of Photography - 10th Anniversary) held at the Tokyo Metropolitan Museum of Photography (Tokyo),,,
Nakamura Haruko,2005,Dies from pancreatic cancer,,,
Nakamura Haruko,2008,"Posthumous publication of the photobook 光の音 Pure and Simple (Sound of Light, Pure and Simple) (Formare la Luce)",,,
Seino Yoshiko,1995,"After working as a editor for several years, she starts taking photographs in her thirties",,,
Seino Yoshiko,1996,"Her first solo exhibition, Seino Yoshiko with Switch, is held at the Comme des Garcons main store in Aoyama, Tokyo",,,
Seino Yoshiko,1997,"She publishes the first two volumes of the photobook series Chicken Skin Photographs, a collaboration with the designer and art direector Ishizaki Kentaro (self-published). Initially five volumes were planned, but only the first three were ever realized",,,
Seino Yoshiko,1998,Publishes the third photobook in the collaborative Chicken Skin Photographs series with Ishizaki Kentaro (self-published),,,
Seino Yoshiko,1999,"Her solo exhibition, Emotional Imprintings, is held at Gallery Koyanagi (Tokyo)",,,
Seino Yoshiko,2002,Publishes the photobook The Sign of Life (Osiris),,,
Seino Yoshiko,2000,Her work is included in the group exhibition 反記憶-現代写真Ⅱ (Anti-memory: Contemporary Photography II) at the Yokohama Museum of Art (Yokohama),,,
Seino Yoshiko,2003,"Her first international solo exhibition, The Sign of Life, is held at the Wintertour Photo Museum (Wintertour, Switzerland)",,,
Seino Yoshiko,2008,"Her solo exhibition A Good Day, Good Time is held jointly at Gallery Trax (Yamanashi) and Punktum Photography (Tokyo)",,,
Seino Yoshiko,2009,"Her photobook, 至るところで 心を集めよ 立っていよ (Everywhere, Gather Yourself, Stand) (Osiris), is published shortly before her death",,,
Ara Taeko,1986,"Graduates from Komazawa University, Department of Japanese Literature",,,
Ara Taeko,1995,"In addition to her career as a poet, theater director, and painter, Ara begins studying photography",,,
Ara Taeko,2000,Wins the JPS Exhibition Bronze Award,,,
Ara Taeko,2004,"Is diagnosed with breast cancer and undergoes treatment, including a total right mastectomy and years-long hormone treatment. Much of her subsequent photography and her advocacy work focuses on issues of mortality, femininity, and healing as a result of this experience.",,,
Ara Taeko,2005,Holds her first solo exhibition 白い夏 (White Summer) at Roonee 247 Photography (Tokyo),,,
Ara Taeko,2006,"Holds two solo exhibitions for 胸 神 乳がんになった日から (munakami - from the first day of breast cancer) at Shinjuku Nikon Salon (Tokyo) and Osaka Nikon Salon (Osaka), and an additional solo exhibition, オリヒメの涙 (Tears of Orihime) at Roonee 247 Photography (Tokyo); Wins the 13th Domon Ken Cultural Award Encouragement Prize for her exhibition 胸 神 乳がんになった日から (munakami - from the first day of breast cancer)",,,
Ara Taeko,2007,"Holds two solo exhibitions:  √1, at Shinjuku Nikon Salon (Tokyo) and Trance at Roonee 247 Photography (Tokyo)",,,
Ara Taeko,2008,"The solo exhibition √1 travels to Osaka Nikon Salon (Osaka), and she holds a new solo exhibition, ILIS, at Nadar (Tokyo)",,,
Ara Taeko,2009,"Holds a special solo exhibition at the Atami City Sawada Seiko Memorial Museum (Atami City, Shizuoka Prefecture), entitled 胸 神 ( muna  kami )」-澤田政廣の彫刻に魅せられて (muna kami - entranced by the sculpture of Sawada Seiko)",,,
Ara Taeko,2013,"Her work is included in the group exhibition 酒田市土門拳文化賞２０周年記念写真展 -歴代受賞者による近作展 (Sakata City Domon Ken Culture Award 20th Anniversary Exhibition - Recent Works by Successive Winners), held at the Sakata Museum of Art (Sakata City, Yamagata Prefecture)",,,
Kanamori Mayu,1981,"Moves to Melbourne, Australia to study philosophy at Toorak College",,,
Kanamori Mayu,1989,"Moves to Sydney, Australia with her future husband, journalist Ben Hills",,,
Kanamori Mayu,1992,Temporarily moves back to Japan to take a job as a researcher at the Tokyo bureau of the Sydney Morning Herald newspaper,,,
Kanamori Mayu,1996,"Her first exhibition, Unseen Faces of Japan, is held at the Sydney chapter of the Japan Foundation (Sydney, Australia)",,,
Kanamori Mayu,2000,"Holds a solo exhibition in Japan in advance of the 2000 Sydney Olympics, entitled 素顔のオーストラリア (Australia Without Makeup) at Konica Plaza (Tokyo); She also debuts her first narrative work with The Heart of the Journey, a combination of still photography, audio narration, and performance. The audio portion of the project debuts on ABC Radio National (Australia)",,,
Kanamori Mayu,2005,"Produces Chika: A Documentary Performance, which combines photojournalism, live dance and performance, audio narration, and projection, and debuts at C.U.B. Malthouse (Sydney, Australia). The 2004 audio component of the project was a Walkley Awards finalist.",,,
Kanamori Mayu,2008,"Exhibits a collaborative photojournalism show with husband Ben Hills, The Island of the Ancients:    Photographs of Sardinia’s Centenarians at Custom House Library (Sydney,  Australia)",,,
Kanamori Mayu,2015,"Artist-in-Residence, Institute of Advanced Studies, University of Western Australia",,,
Kanamori Mayu,2016,"Artist-in-Residence for the Asian Collections, National Library of Australia",,,
Yanagi Miwa,1993,"First solo exhibition, WHITE CASKET, at Art Space Rainbow (Kyoto)",,,
Yanagi Miwa,2002,"Publishes My Grandmothers 001 (ArtBeat Publishers), and MIWA YANAGI GRANDDAUGHTERS (Shiseidō Gallery)",,,
Yanagi Miwa,2004,"Publishes MIWA YANAGI (Deutsche Bank), WHITE CASKET (Getsuyōsha), and 少女地獄極楽老女 (Darkness of Girlhood and Lightness of Aging) (Marugame Genichirō Inokuma Museum of Contemporary Art)",,,
Yanagi Miwa,2005,"Publishes 無垢な老女と無慈悲な少女の信じられない物語 (The Incredible Tale of the Innocent Old Lady and the Heartless Young Girl) (Hara Museum), and Madame Comet (Ōhara Museum)",,,
Yanagi Miwa,2007,"Publishes Fairy Tale 老少女綺譚 (Fairy Tale, The Tale of The Old Lady) (Seigensha), and Elevator Girls (Seigensha)",,,
Yanagi Miwa,2009,Publishes My Grandmothers (Tankōsha),,,
Yanagi Miwa,2019,Publishes 神話機械 (Myth Machines) (Hatori Shoten),,,
Hara Mikiko,1996,Wins the 13th Canon New Cosmos of Photography Award; is selected for the 8th Hitotsubo exhibition,,,
Hara Mikiko,1998,"Solo exhibition: Agnus Dei. Ginza Nikon Salon (Ginza, Tokyo)",,,
Hara Mikiko,1999,"Exhibition: プライベートルーム2 新世代の写真表現 (Private Room II: Photographs by a New Generation of Women in Japan). Contemporary Art Center, Art Tower Mito (Mito, Ibaraki)",,,April–June 1999
Hara Mikiko,2001,"Exhibition: うつろの製法 (How to Make a Void), Shinjuku Konica Plaza (Shinjuku, Tokyo) and The Third Gallery Aya (Osaka)",,,
Hara Mikiko,2006,"Exhibition:  私のいる場所 新進作家展 vol.4 ゼロ年代の写真論  (Absolutely Private: Contemporary Photography, vol 4 ). Tokyo Metropolitan Museum of Photography (Ebisu, Tokyo)",,,March–April 2006
Hara Mikiko,2009,"Exhibition: 写真の現在・過去・未来 昭和から今日まで (The Past, Present, and Future of Photographs, From Showa to Today). Yokohama Civic Art Gallery (Yokohama)",,,
Hara Mikiko,2017,Wins the 42nd Kimura Ihei Award for <i>Change</i>,,,
Nomura Sakiko,1994,Publishes 裸の部屋 (Naked Room) (Aat ROOM),,,
Nomura Sakiko,1995,Publishes 針のない時計 (A Clock Without Hands) (Hon no miyakosha) and    40 + 1 PHOTOGRAPHERS PIN-UP (match and company),,,
Nomura Sakiko,1997,Publishes 裸の時間 (Naked Time) (Heibonsha),,,
Nomura Sakiko,1999,Exhibition: 闇の音 (The Sound of Darkness) (Yamaguchi Prefectural Art Museum),,,
Nomura Sakiko,2000,Publishes 愛の時間 (Time of Love) (BPM),,,
Nomura Sakiko,2004,Publishes もうひとつの、きょうのできごと (co-authored) (Kawade Shobo Shinsha),,,
Nomura Sakiko,2005,Publishes tsukuyomi (match and company),,,
Nomura Sakiko,2006,Publishes 近藤良平 (Kondō Ryōhei) (match and company),,,
Nomura Sakiko,2008,Publishes ALL ABOUT Miyazaki Daisuke (Futabasha),,,
Nakano Aiko,1993,"Exhibition: ""Aiko Nakano Exhibition"" (Gallery ARIES, Tokyo)",,,
Nakano Aiko,1996,"""aiko nakano photo exhibition"" from TOKYO, to Tokyo """" (BEAMS TOKYO, Shibuya); ""aiko nakano photo exhibition"" (Gallery Art Graph, Ginza); ""PHOTO EXHIBITION NAKED Aiko Nakano / Mika Ninagawa"" (Gallery Hanabun, Yotsuya); ""SHUTTER & LOVE Exhibition"" (Sapporo); ""8th Photograph"" ""3.3㎡ Exhibition"" (Guardian Garden, Ginza); ""Aiko Nakano and Tetsuro Yokoyama Exhibition"" (P.A.P. FACTORY, Harajuku)",,,
Nakano Aiko,1997,"8th Photo ""3.3㎡ Exhibition"" Grand Prix Winner;  ""Life * Life * Life"" (Guardian Garden, Ginza); ""PHOTO EXHIBITION"" Visions ""PART1: NAKED EYES"" (PARCO GALLERY, Shibuya); ""Japanese New Generation Photographer Exhibition"" (COLETTE, Paris: France); 11th Great Namba Festival ""Female Photographer Exhibition"" (Former Seika Elementary School, Osaka)",,,
,1998,"""Tokyo Photo Month '98 Kaleidoscope -'90s Female Photographers"" (Shinjuku Park Tower Atrium, Shinjuku)",,,
Nakano Aiko,2000,"""Aiko Nakano Exhibition-"" Tatsuya Fujiwara Photobook persona ""Exhibition-"" (Gallery Iseyoshi B Venue, Ginza)",,,
Nakano Aiko,2004,"""Aiko Nakano Photo Exhibition"" Shonan Musicians """" (Gallery TEZZ, Roppongi)",,,
Nakano Aiko,2006,"""Aiko Nakano Exhibition: A Hundred Blue Roses"" (Gallery ART SPACE, Machida)",,,
Mogi Ayako,1992,Receives the Nobuyoshi Araki Award for Canon Photography of the New Century,,,
Mogi Ayako,2006,"Starts the Jupaju Company in La Corbières, Switzerland where she manages the ""Laboratoire Village Nomade"" art project.",,,
Mogi Ayako,2009,"Moves to an old elementary school on Awaji Island and founds the artist community ""Nomad Village"" with Werner Penzel and Misa Shimomura",,,
Matsumoko Noriko,1999,Awarded the 14th “Hitotsuboten” Photography Award Grand Prix,,,
Matsumoko Noriko,2000,Solo exhibition “Hatehashi” guardian garden,,,
Matsumoko Noriko,2007,"""rabbits” OPA gallery /Calo Bookshop&Gallery",,,
Matsumoko Noriko,2007,"Photobook ""Rabbit Jima"" (Hayakawa Publishing)",,,
Matsumoko Noriko,2009,“With Eyes of a Hare” Calo Bookshop&Gallery,,,
Matsumoko Noriko,2011,“Flower garden” OPA gallery,,,
Matsumoko Noriko,2012,"""With Eyes of a Hare” CROSSROAD GALLERY",,,
Honda Kana,1994,"Graduates from Kyoto Seika University, Faculty of Fine Arts, Department of Design, Department of Visual Communication Design",,,
Honda Kana,1995,Is awarded the Photo New Century of Photography Excellence Award,,,
Honda Kana,1999,Wins the Mio Photo Encouragement Award 99 Encouragement Award (Grand Prix),,,
Honda Kana,2000,Spiral Independent Creators Festival Semi-Grand Prix,,,
Honda Kana,2001,Awarded the Kyoto Contemporary Photographer Exhibition Excellence Award.,,,
Honda Kana,2002,"New Century of Photography 10th Anniversary Exhibition ""Featuring Power"" (Tokyo / Tokyo Metropolitan Museum of Photography)",,,
Honda Kana,2003,"Solo Exhibition ""Kokoro no Kyukatsu"" (Kyoto / Gallery Sowaka)",,,
Honda Kana,2005,"Solo Exhibition ""SUSABI"" (Paris, France / Galalie Hitomi bushi d'Eau)",,,
Honda Kana,2008,"Solo Exhibition ""Maps I Have"" (Osaka / Kaigandori Gallery CASO); Solo Exhibition ""Maps I Have"" (Kobe / STREET GALLERY)",,,
Hanayo,1996,Publishes Hanayome (Shinchosha),,,
Hanayo,2000,"“utsushiyumekuni”, PARCO GALLERY (Tokyo)",,,
Hanayo,2002,"“hanayo”, Palais de Tokyo (Paris)",,,
Hanayo,2008,Publishes MAGMA (AKAAKA Art Publishing),,,
Hanayo,2013,Publishes berlin (Getsuyosha),,,
Hanayo,2016,Publishes Tenko (Case Publishing),,,
Hanayo,2017,“hanayo III” Taka Ishii Gallery Photography / Film (Tokyo),,,
Hanayo,2021,"Publishes Hanayo’s Underworld: Half a Century (Kawade Shobo Shinsha, ).",,,
Noguchi Rika,1994,Graduates from Nihon University specializing in photography,,,
,1996,Wins the Grand Prize at New Cosmos of Photography in Kyoto,,,
Noguchi Rika,1997,Travels to New York on a fellowship from the Asian Culture Council,,,1997-1998
Noguchi Rika,1999,Is invited to be a guest artist at Rijksakademie in the Netherlands,,,
Noguchi Rika,2001,Publishes Tori o miru (P3 art and environment); MIMOCA'S EYE VOL. 1 (Marugame Genichirō Inokuma Museum of Contemporary Art),,,
Noguchi Rika,2004,"Publishes Kono hoshi (Hara Museum, Icon Gallery,",,,
Noguchi Rika,2005,In-between13 (EU-Japan Fest),,,
Noguchi Rika,2009,Publishes Hikari (The National Art Center); Taiyō (Izu Photo Museum),,,
Noguchi Rika,2012,Publishes Hikari wa mirai ni todoku (Izu Photo Museum),,,
Ninagawa Mika,1996,"Work is featured in Iizawa Kōtarō, Shutter & Love, which attempted to make sense of the work of women photographers in the 1990s",,,
Ninagawa Mika,1997,Graduates from Tamabi,,,
Ninagawa Mika,1998,Publishes 17 9 '97 (Metalogue),,,
Ninagawa Mika,1999,Publishes Baby Blue Sky (Metalogue),,,
Ninagawa Mika,2000,Publishes Sugar and Spice (Kawade Shobō Shashinsha) and   Tokyo in Colors (Kōshinsha),,,
Ninagawa Mika,2001,Wins the Kimura Ihee Award (shared w. Hiromix & Nagashima Yurie),,,
Ninagawa Mika,2001,Pink Rose Suite (Editions Treville),,,
Ninagawa Mika,2007,Makes her debut as feature-length film director with Sakuran,,,
Kawauchi Rinko,1993,"Graduates from Seian University of Art and Design, and begins working in the photography department of an advertisement company",,,
Kawauchi Rinko,1995,Accepted for the APA International Photography biennial art exhibition,,,
Kawauchi Rinko,1996,Begins her career as a freelance photographer,,,
Kawauchi Rinko,1997,Participates in the 9th Hitotsubo Exhibition's Photography Division Grand Prix,,,
Kawauchi Rinko,1998,First solo exhibition: Utatane,,,
Kawauchi Rinko,2002,Wins the 27th Kimura Ihei Photography Award for Utatane and Hanabi; also wins the Photographic Society of Japan novice award,,,
Kawauchi Rinko,2009,Recieves honourable mention for the Shiga Culture Award; also wins the Infinity Award for the arts division,,,
Kawauchi Rinko,2012,"Wins the 63rd Minister of Education, Culture, Science, Science and Technology novice award for the exhibition 照度あめつち影を見る (Illuminance - Ametsuchi - Seeing Shadows) (Tokyo Metropolitan Museum of Photography)",,,
Kawauchi Rinko,2013,Wins the 29th Higashikawa Domestic Artist Prize,,,
Kawauchi Rinko,,"Completes a photography course at the Royal College of Art in London; holds an exhibition titled Imagine Finding Me, which will be eventually exhibited in over 16 countries",,,
Otsuka Chino,2006,Publishes Imagine Finding Me (PUB?),,,
Nagashima Yurie,1993,Makes her debut in with nude self-portraits and nude portraits of her family,,,
Nagashima Yurie,1993,Parco Prize for emerging artists (before graduation in 95),,,
Nagashima Yurie,1996,"Her work is featured in Iizawa Kōtarō, Shutter & Love, which attempted to make sense of the work of women photographers in the 1990s",,,
Nagashima Yurie,1999,Earns her MFA from California Institute of the Arts,,,
Nagashima Yurie,2001,Wins the Kimura Ihee Award (shared w. Hiromix & Ninagawa Mika),,,
Nagashima Yurie,2009,"Publishes a book of biographical short stories, Senaka no kioku",,,
Nagashima Yurie,2010,Wins the Kodansha Essay Award,,,
Nagashima Yurie,2020,"Publishes “Bokura” no “onna no ko shashin” kara watashi no gaariifoto he (From “their"" “Girls Photography” to “our"" ""girlie photography”) (Tokyo: Daifuku shorin)",,,
Hiromix,1995,Wins the 11th New Cosmos of Photography award,,,
Hiromix,2000,Wins the Kimura Ihee Award (shared w. Ninagawa Mika & Nagashima Yurie,,,
Keiko Nomura,1997,Takes part in the Konica New Generation of Photographers grand prix,,,
Keiko Nomura,1999,Wins the Newcomer's Award from the Photographic Society of Japan,,,
Keiko Nomura,2001,Wins the Higashikawa Newcomer's Award,,,
Itō Mari,1997,Becomes the first woman photographer to win the Taiyō Award,,,
Itō Mari,1997,Exhibits her work at the Yunnan Museum of Art in China,,,
Okabe Momo,1999,"Awarded the Special Award for “The 8th Exhibition of New Cosmos of Photography selected by Nobuyoshi Araki""",,,
Okabe Momo,2002,Wins the 19th Hitotsubo Ten Prize,,,
Okabe Momo,2013,“DILDO” (Session press) selected for PHOTOEYE BEST PHOTOBOOK by Hisako Motoo,,,
Okabe Momo,2015,Wins the Paul Huf Award (Amsterdam),,,
Okabe Momo,2012,Publishes Unseen/Tsunami (Dashwood Books),,,
Okabe Momo,2013,Publishes Dildo (Session Press),,,
Okabe Momo,2014,Publishes Bible (Session Press),,,
Okabe Momo,2020,Publishes Irumataru,,,
Ume Kayo,2000,Wins an honourable mention at the 9th New Cosmos of Photography contest for Danshi,,,
Ume Kayo,2001,Wins an honourable mention at the 10th New Cosmos of Photography contest for Joshi chūgakusei,,,
Ume Kayo,2002,Graduates from the Japan Institute of Photography and Film,,,
Ume Kayo,2007,Wins the 32nd Kimura Ihei Award for her first photo book Umeme,,,
Ume Kayo,2006,Publishes Umeme (Little More),,,
Ume Kayo,2007,Publishes Danshi (Little More),,,
Ume Kayo,2008,Publishes Jiichan-sama (Little More),,,
Ume Kayo,2010,Publishes Umeppu (Little More),,,
Shiga Lieko,2001,First solo exhibition Floating Occurrence (LOCATION?),,,
Shiga Lieko,2004,Graduates with a degree in Fine Arts and New Media at the London Institute,,,
Shiga Lieko,2007,Publishes Lilly (Art Beat Publishing); CANARY (Akaaka Art Publ,,,
Shiga Lieko,2009,Publishes Kanariamon (Akaaka Art Publishing),,,
Shiga Lieko,2013,Publishes Rasen Kaigan Shashinshū (Akaaka Art Publishing),,,
Shiga Lieko,2015,"Shiga's work is featured in the exhibition In the Wake, which showcased Japanese photographers' work on the 3/11 disaster",,,
Shiga Lieko,2017,Publishes Blind Date (T&M Project),,,
Takagi Yuriko,1986-1992,"Photographs creative friends, dancers, actors, artists, writers, and poets in Bali, Barcelona, Istanbul, London, Paris, Tokyo",,,
Takagi Yuriko,1994,"Publishes Confused Gravitation (美術出版社, 1994)",,,
Takagi Yuriko,1994,"Publishes Nus intimes (用美社, 1994)",,,
Takagi Yuriko,1995-2010,"Travels to Argentina, Bolivia, Chile, China, India, Indonesia, Hawaii, Namibia, and Okinawa photographing the relationship between gravity and human bodies.",,,
Takagi Yuriko,1998,Publishes Skin : Yuriko Takagi×Kozue Hibino (扶桑社. 1998),,,
Ishikawa Mao,1974,Entered the Workshop School of Photography,,,
Ishikawa Mao,1977,"Held first exhibition, titled Kin no Onnatachi at the Minoruda Photo Space",,,
Ishikawa Mao,1982,"Publishes her first photobook 熱き日々inキャンプハンセン‼︎ (≈ Hot Days in Camp Hansen‼︎). Okinawa: Aman, 1982.",,,
Ishikawa Mao,1983-1990,Opened an izakaya near Aja-Shinko port in Naha and photographed the dockworkers and fishermen who were her customers for her book <i>A Port Town Elegy </i>(1990),,,
Ishikawa Mao,1986,Traveled to Philadelpha and photographed African American communities; these photographs became the book <i>Life in Philly </i>,,,
Ishikawa Mao,1988-1989,"Traveled to the Philippines with dancers she became friends with at bars in Naha, Okinawa. Photographs of them became the self-published book フィリピン「出稼ぎ女性の故郷を訪ねる」 : 石川真生写真集 (Philippines ""Visit to the hometowns of migrant women"") (1989)",,,
,1990,Self publishes 港町エレジー : 石川真生写真集 (Port Town Elegy: Ishikawa Mao). Republished by Zen Photo Gallery in 2015.,,,
Ishikawa Mao,1991,Self publishes 沖縄芝居仲田幸子一行物語 : 石川真生写真集 (An Okinawan Play Sachiko Nakata's story: Mao Ishikawa),,,
Ishikawa Mao,1992,Her work was displayed in the exhibition titled Okinawa: Mirai ni mukete: shashin de kangaeru Okinawa sengoshi ten,,,
Ishikawa Mao,1990s-2000s,Took photographs for and wrote columns for the <i>Okinawa Times</i> and <i>Ryukyu Shimpo</i>,,,
Ishikawa Mao,2010,"Awarded the Sagamihara Photo Awards for her book FENCES, OKINAWA (Tokyo: Miraisha, 2010)",,,
Ishikawa Mao,1993-2011,"Took portraits and gathered interviews with people from Japan, Taiwan, and mainland China <i>Here’s What the Japanese Flag Means to Me </i>(日の丸を観る目) (2011)",,,
Ishikawa Mao,1995,"Publishes 女性カメラマンがとらえた沖縄と自衛隊 (Okinawa and the Self-Defense Forces captured by a female photographer) (Tokyo, Koubunken)",,,
Ishikawa Mao,1996,Publishes これが沖縄の米軍だ : 基地の島に生きる人々 (This is the U.S. Army in Okinawa: People Living on a Base Island) (Koubunken),,,
Ishikawa Mao,2002,"Publishes 沖縄ソウル / Okinawa Soul (Ohta Publishing), reflections on her work in photography.",,,
Ishikawa Mao,2004,"Takes part in group exhibition  ""The Perpetual Moment –Visions from within Okinawa and Korea, MoMA PS1"" (October 2004 – December 2004)",,,
Ishikawa Mao,2006,Publishes シマが揺れる : 沖縄・海辺のムラの物語 (The Island SHakes: Okinawa ・The Story of a Seaside Village) with text by journalist and historian Urashima Etsuko (Koubunken),,,
Ishikawa Mao,2008,"Takes part in group exhibition ""Okinawa Prismed 1872–2008, The National Museum of Modern Art Tokyo"" (October 2008 – December 2008)",,,
Ishikawa Mao,2010,"Publishes Fences, Okinawa : 石川真生写真集 (Fences, Okinawa: Ishikawa Mao) (Miraisha)",,,
Ishikawa Mao,2010,"Publishes Life in Philly (Tokyo: Zen Foto Gallery / Gallery OUT of PLACE, 2010)",,,
Ishikawa Mao,2011,"Yokohama Museum of Art features her work in ""原田正路／石川真生 (Harada Masamichi／Ishikawa Mao)"" (December 2011 – March 2012)",,,
Ishikawa Mao,2012,"Her photographs are featured in 沖縄とヤマト : 「縁の糸」をつなぎ直すために (Okinawa and Yamato: To reconnect the ""thread of connection"") (Kamogawa)",,,
Ishikawa Mao,2013,"Her photographs are featured in ""All You Need is Love"" Mori Art Museum (April 2013 – September 2013)",,,
Ishikawa Mao,2013,"Yokohama Citizen's Gallery Azamino exhibition ""写真家石川真生 : 沖縄を撮る (Ishikawa Mao: Photographing Okinawa)"" and catalogue by the same name (Yokohama Citizen's Gallery Azamino)",,,
Ishikawa Mao,2014,Publishes 森花―夢の世界 (Morika’s Dreams) (Tokyo: Miraisha),,,
Ishikawa Mao,2015,"Zen Photo Gallery holds exhibition of her work, ""A Port Town Elegy"" (March 2015)",,,
Ishikawa Mao,2017,"Publishes Red Flower: The Women of Okinawa (New York: Session Press, 2017)",,,
Ishikawa Mao,2018,"Her photographs are featured in the 9th Asia Pacific Triennal of Contemporary Art (APT9), Queensland Art Gallery (November 2018 – April 2019)",,,
Ishikawa Mao,2020,"Her photographs are featured in ""TOP Collection: Photography in the Ryukyu Islands,"" Tokyo Photographic Art Museum (September 2020 – November 2020)",,,
Kon Michiko,1978,"After graduating from the Department of Graphic Arts School of Art and Design, enters the Tokyo Photography College and graduates in 1980",,,
Kon Michiko,1984,Wins a scholarship award at the Kanagawa Prefectural Art Exhibition,,,
Kon Michiko,1985,"Exhibits ""Still"" at the Shinjuku Nikon Salon (Tokyo)",,,
Kon Michiko,1987,"""EAT Imamichiko Photo Exhibition"" at the Kodak Photo Salon (Tokyo, Osaka); Wins the novice award at the Higashikawa International Festival",,,
Kon Michiko,1987,"Publishes photographs in ""Eat"" (The Artworks Commitee), Republished by Shogakukan in 1991",,,
Kon Michiko,1991,"Wins the Kimura Ihee Award; photographs are featured in ""Make-believe : contemporary photography from Japan"" (Photographers' Gallery)",,,
Kon Michiko,1992,"Publishes Michiko Kon : still lives (MIT List Visual Arts Center), republished by Aperture in 1997",,,
Kon Michiko,1996,"Publishes 1996 ""KON BOX"" (Photo Gallery International & Natsuraeri Press); Work included in the exhibition ""ニュー・ジャパニーズ・フォトグラフィ1990's : 無意識の共鳴/New Japanese photography in 1990's : the resonance of unconsciousness"" Yokohama Shimin Gallery",,,
,1997,Publishes Kon Michiko (Korinsha),,,
,,,,,
,,,,,
,,,,,
,,,,,
,,,,,
,,,,,
,,,,,
,,,,,
,,,,,
,,,,,
,,,,,
,,,,,
,,,,,
,,,,,
,,,,,
,,,,,
,,,,,
,,,,,
,,,,,
,,,,,
,,,,,
,,,,,
,,,,,
,,,,,
,,,,,
,,,,,
,,,,,
,,,,,
,,,,,
,,,,,
,,,,,
,,,,,
,,,,,
,,,,,
,,,,,
,,,,,
,,,,,
,,,,,
,,,,,
,,,,,
,,,,,
,,,,,
,,,,,
,,,,,
,,,,,
,,,,,
,,,,,
,,,,,
,,,,,
,,,,,
,,,,,
,,,,,
,,,,,
,,,,,
,,,,,
,,,,,
,,,,,
,,,,,
,,,,,
,,,,,
,,,,,
,,,,,
,,,,,
,,,,,
,,,,,
,,,,,
,,,,,
,,,,,
,,,,,
,,,,,
,,,,,
,,,,,
,,,,,
,,,,,
,,,,,
,,,,,
,,,,,
,,,,,
,,,,,
,,,,,
,,,,,
,,,,,
,,,,,
,,,,,
,,,,,
,,,,,
,,,,,
,,,,,
,,,,,
,,,,,
,,,,,
,,,,,
,,,,,
,,,,,
,,,,,
,,,,,
,,,,,
,,,,,
,,,,,
,,,,,
,,,,,
,,,,,
,,,,,
,,,,,
,,,,,
,,,,,
,,,,,
,,,,,
,,,,,
,,,,,
,,,,,
,,,,,
,,,,,
,,,,,
,,,,,
,,,,,
,,,,,
,,,,,
,,,,,
,,,,,
,,,,,
,,,,,
,,,,,
,,,,,
,,,,,
,,,,,
,,,,,
,,,,,
,,,,,
,,,,,
,,,,,
,,,,,
,,,,,
,,,,,
,,,,,
,,,,,
,,,,,
,,,,,
,,,,,
,,,,,
,,,,,
,,,,,
,,,,,
,,,,,
,,,,,
,,,,,
,,,,,
,,,,,
,,,,,
,,,,,
,,,,,
,,,,,
,,,,,
,,,,,
,,,,,
,,,,,
,,,,,
,,,,,
,,,,,
,,,,,
,,,,,
,,,,,
,,,,,
,,,,,
,,,,,
,,,,,
,,,,,
,,,,,
,,,,,
,,,,,
,,,,,
,,,,,
,,,,,
,,,,,
,,,,,
,,,,,
,,,,,
,,,,,
,,,,,
,,,,,
,,,,,
,,,,,
,,,,,
,,,,,
,,,,,
,,,,,
,,,,,
,,,,,
,,,,,
,,,,,
,,,,,
,,,,,
,,,,,
,,,,,
,,,,,
,,,,,
,,,,,
,,,,,
,,,,,
,,,,,
,,,,,
,,,,,
,,,,,
,,,,,
,,,,,
,,,,,
,,,,,
,,,,,
,,,,,
,,,,,
,,,,,
,,,,,
,,,,,
,,,,,
,,,,,
,,,,,
,,,,,
,,,,,
,,,,,
,,,,,
,,,,,
,,,,,
,,,,,
,,,,,
,,,,,
,,,,,
,,,,,
,,,,,
,,,,,
,,,,,
,,,,,
,,,,,
,,,,,
,,,,,
,,,,,
,,,,,
,,,,,
,,,,,
,,,,,
,,,,,
,,,,,
,,,,,
,,,,,
,,,,,
,,,,,
,,,,,
,,,,,
,,,,,
,,,,,
,,,,,
,,,,,
,,,,,
,,,,,
,,,,,
,,,,,
,,,,,
,,,,,
,,,,,
,,,,,
,,,,,
,,,,,
,,,,,
,,,,,
,,,,,
,,,,,
,,,,,
,,,,,
,,,,,
,,,,,
,,,,,
,,,,,
,,,,,
,,,,,
,,,,,
,,,,,
,,,,,
,,,,,
,,,,,
,,,,,
,,,,,
,,,,,
,,,,,
,,,,,
,,,,,
,,,,,
,,,,,
,,,,,
,,,,,
,,,,,
,,,,,
,,,,,
,,,,,
,,,,,
,,,,,
,,,,,
,,,,,
,,,,,
,,,,,
,,,,,
,,,,,
,,,,,
,,,,,
,,,,,
,,,,,
,,,,,
,,,,,
,,,,,
,,,,,
,,,,,
,,,,,
,,,,,
,,,,,
,,,,,
,,,,,
,,,,,
,,,,,
,,,,,
,,,,,
,,,,,
,,,,,
,,,,,
,,,,,
,,,,,
,,,,,
,,,,,
,,,,,
,,,,,
,,,,,
,,,,,
,,,,,
,,,,,
,,,,,
,,,,,
,,,,,
,,,,,
,,,,,
,,,,,
,,,,,
,,,,,
,,,,,
,,,,,
,,,,,
,,,,,
,,,,,
,,,,,
,,,,,
,,,,,
,,,,,
,,,,,
,,,,,
,,,,,
,,,,,
,,,,,
,,,,,
,,,,,
,,,,,
,,,,,
,,,,,
,,,,,
,,,,,
,,,,,
,,,,,
,,,,,
,,,,,
,,,,,
,,,,,
,,,,,
,,,,,
,,,,,
,,,,,
,,,,,
,,,,,
,,,,,
,,,,,
,,,,,
,,,,,
,,,,,
,,,,,
,,,,,
,,,,,
,,,,,
,,,,,
,,,,,
,,,,,
,,,,,
,,,,,
,,,,,
,,,,,
,,,,,
,,,,,
,,,,,
,,,,,
,,,,,
,,,,,
,,,,,
,,,,,
,,,,,
,,,,,
,,,,,
,,,,,
,,,,,
,,,,,
,,,,,
,,,,,
,,,,,
,,,,,
,,,,,
,,,,,
,,,,,
,,,,,
,,,,,
,,,,,
,,,,,
,,,,,
,,,,,
,,,,,
,,,,,
,,,,,
,,,,,
,,,,,
,,,,,
,,,,,
,,,,,
,,,,,
,,,,,
,,,,,
,,,,,
,,,,,
,,,,,
,,,,,
,,,,,
,,,,,
,,,,,
,,,,,
,,,,,
,,,,,
,,,,,
,,,,,
,,,,,
,,,,,
,,,,,
,,,,,
,,,,,
,,,,,
,,,,,
,,,,,
,,,,,
,,,,,
,,,,,
,,,,,
,,,,,
,,,,,
,,,,,
,,,,,
,,,,,
,,,,,
,,,,,
,,,,,
,,,,,
,,,,,
,,,,,
,,,,,
,,,,,
,,,,,
,,,,,
,,,,,
,,,,,
,,,,,
,,,,,
,,,,,
,,,,,
,,,,,
,,,,,
,,,,,
,,,,,
,,,,,
,,,,,
,,,,,
,,,,,
,,,,,
,,,,,
,,,,,
,,,,,
,,,,,
,,,,,
,,,,,
,,,,,
,,,,,
,,,,,
,,,,,
,,,,,
,,,,,
,,,,,
,,,,,
,,,,,
,,,,,
,,,,,
,,,,,
,,,,,
,,,,,
,,,,,
,,,,,
,,,,,
,,,,,
,,,,,
,,,,,
,,,,,
,,,,,
,,,,,
,,,,,
,,,,,
,,,,,
,,,,,
,,,,,
,,,,,
,,,,,
,,,,,
,,,,,
,,,,,
,,,,,
,,,,,
,,,,,
,,,,,
,,,,,
,,,,,
,,,,,
,,,,,
,,,,,
,,,,,
,,,,,
,,,,,
,,,,,
,,,,,
,,,,,
,,,,,
,,,,,
,,,,,
,,,,,
,,,,,
,,,,,
,,,,,
,,,,,
,,,,,
,,,,,
,,,,,
,,,,,
,,,,,
,,,,,
,,,,,
,,,,,
,,,,,
,,,,,
,,,,,
,,,,,
,,,,,
,,,,,
,,,,,
,,,,,
,,,,,
,,,,,
,,,,,
,,,,,
,,,,,
,,,,,
,,,,,
,,,,,
,,,,,
,,,,,
,,,,,
,,,,,
,,,,,
,,,,,
,,,,,
,,,,,
,,,,,
,,,,,
,,,,,
,,,,,
,,,,,
,,,,,
,,,,,
,,,,,
,,,,,
,,,,,
,,,,,
,,,,,
,,,,,
,,,,,
,,,,,
,,,,,
,,,,,
,,,,,
,,,,,
,,,,,
,,,,,
,,,,,
,,,,,
,,,,,
,,,,,
,,,,,
,,,,,
,,,,,
,,,,,
,,,,,
,,,,,
,,,,,
,,,,,
,,,,,
,,,,,
,,,,,
,,,,,
,,,,,
,,,,,
,,,,,
,,,,,
,,,,,
,,,,,
,,,,,
,,,,,
,,,,,
,,,,,
,,,,,
,,,,,
,,,,,
,,,,,
,,,,,
,,,,,
,,,,,
,,,,,
,,,,,
,,,,,
,,,,,
,,,,,
,,,,,
,,,,,
,,,,,
,,,,,
,,,,,
,,,,,
,,,,,
,,,,,
,,,,,
,,,,,
,,,,,
,,,,,
,,,,,
,,,,,
,,,,,
,,,,,
,,,,,
,,,,,
,,,,,
,,,,,
,,,,,
,,,,,
,,,,,
,,,,,
,,,,,
,,,,,
,,,,,
,,,,,
,,,,,
,,,,,
,,,,,
,,,,,
,,,,,
,,,,,
,,,,,
,,,,,
,,,,,
,,,,,
,,,,,
,,,,,
,,,,,
,,,,,
,,,,,
,,,,,
,,,,,
,,,,,
,,,,,
,,,,,
,,,,,
,,,,,
,,,,,
,,,,,
,,,,,
,,,,,
,,,,,
,,,,,
,,,,,
,,,,,
,,,,,
,,,,,
,,,,,
,,,,,
,,,,,
,,,,,
,,,,,
,,,,,
,,,,,
,,,,,
,,,,,
,,,,,
,,,,,
,,,,,
,,,,,
,,,,,
,,,,,
,,,,,
,,,,,
,,,,,
,,,,,
,,,,,
,,,,,
,,,,,
,,,,,
,,,,,
,,,,,
,,,,,
,,,,,
,,,,,
,,,,,
,,,,,
,,,,,
,,,,,
,,,,,
,,,,,
,,,,,
,,,,,
,,,,,
,,,,,
,,,,,
,,,,,
,,,,,
,,,,,
,,,,,
,,,,,
,,,,,
,,,,,
,,,,,
,,,,,
,,,,,
,,,,,
,,,,,
,,,,,
,,,,,
,,,,,
,,,,,
,,,,,
,,,,,
,,,,,
,,,,,
,,,,,
,,,,,
,,,,,
,,,,,
,,,,,
,,,,,
,,,,,
